"0","# On veut  récupérer une liste de Hotels dans un rayon de 20000 "
"0","# Définir les paramètres de la requête"
"0","params_Hotel_brooklyn <- list("
"0","  term = ""Hotel"","
"0","  location = ""Brooklyn"","
"0","  categorie = ""Hotel"","
"0","  radius = 20000,"
"0","  limit =35"
"0",")"
"0",""
"0","# Envoyer la requête et récupérer les données"
"0","response_Hotel_brooklyn <- GET(""https://api.yelp.com/v3/businesses/search"", "
"0","                add_headers(Authorization = paste(""Bearer"", api_key)), "
"0","                query = params_Hotel_brooklyn)"
"0","data_Hotel_brooklyn <- fromJSON(content(response_Hotel_brooklyn, ""text""), flatten = TRUE)$business"
"0","data_Hotel_brooklyn <-as.data.frame(data_Hotel_brooklyn)"
"0","data_Hotel_brooklyn <- data_Hotel_brooklyn%>%"
"0","  mutate(""Quartier"" = ""Brooklyn"")"
"0",""
"0","##############################################################"
"0",""
"0","params_Hotel_queens <- list("
"0","  term = ""Hotel"","
"0","  location = ""Queens"","
"0","  radius = 20000,"
"0","  categorie = ""Hotel"","
"0","  limit =35"
"0",")"
"0",""
"0","# Envoyer la requête et récupérer les données"
"0","response_Hotel_queens <- GET(""https://api.yelp.com/v3/businesses/search"", "
"0","                add_headers(Authorization = paste(""Bearer"", api_key)), "
"0","                query = params_Hotel_queens)"
"0","data_Hotel_queens <- fromJSON(content(response_Hotel_queens, ""text""), flatten = TRUE)$business"
"0","data_Hotel_queens <-as.data.frame(data_Hotel_queens)"
"0","data_Hotel_queens <- data_Hotel_queens %>%"
"0","  mutate(""Quartier"" = ""Queens"")"
"0",""
"0","#######################################################"
"0",""
"0","params_Hotel_Manhattan <- list("
"0","  term = ""Hotel"","
"0","  location = ""Manhattan"","
"0","categorie = ""Hotel"","
"0","  radius = 20000,"
"0","  limit =35"
"0",")"
"0",""
"0","# Envoyer la requête et récupérer les données"
"0","response_Hotel_Manhattan <- GET(""https://api.yelp.com/v3/businesses/search"", "
"0","                add_headers(Authorization = paste(""Bearer"", api_key)), "
"0","                query = params_Hotel_Manhattan)"
"0","data_Hotel_Manhattan <- fromJSON(content(response_Hotel_Manhattan, ""text""), flatten = TRUE)$business"
"0","data_Hotel_Manhattan <-as.data.frame(data_Hotel_Manhattan)"
"0","data_Hotel_Manhattan <- data_Hotel_Manhattan%>%"
"0","  mutate(""Quartier"" = ""Manhattan"")"
"0",""
"0",""
"0","#################################################"
"0",""
"0","params_Hotel_Bronx <- list("
"0","  term = ""Hotel"","
"0","  location = ""Bronx"","
"0","  radius = 20000,"
"0","categorie = ""Hotel"","
"0","  limit =35"
"0",")"
"0",""
"0","# Envoyer la requête et récupérer les données"
"0","response_Hotel_Bronx <- GET(""https://api.yelp.com/v3/businesses/search"", "
"0","                add_headers(Authorization = paste(""Bearer"", api_key)), "
"0","                query = params_Hotel_Bronx)"
"0","data_Hotel_Bronx <- fromJSON(content(response_Hotel_Bronx, ""text""), flatten = TRUE)$business"
"0","data_Hotel_Bronx <-as.data.frame(data_Hotel_Bronx)"
"0","data_Hotel_Bronx <- data_Hotel_Bronx%>%"
"0","  mutate(""Quartier"" = ""Bronx"")"
"0",""
"0",""
