{"chunk_definitions":[{"row":12,"row_count":1,"visible":true,"expansion_state":0,"options":{"engine":"r","label":"setup","include":false},"document_id":"D0F9B75B","chunk_id":"csetup_chunk","chunk_label":"setup"},{"row":33,"row_count":1,"visible":true,"expansion_state":0,"options":{"engine":"r","label":"unnamed-chunk-25"},"document_id":"D0F9B75B","chunk_id":"coy3jta4ucn45","chunk_label":"unnamed-chunk-1"},{"row":69,"row_count":1,"visible":true,"expansion_state":0,"options":{"engine":"r","label":"unnamed-chunk-26"},"document_id":"D0F9B75B","chunk_id":"czso3ff1ow850","chunk_label":"unnamed-chunk-2"},{"row":94,"row_count":1,"visible":true,"expansion_state":0,"options":{"engine":"r","label":"unnamed-chunk-28"},"document_id":"D0F9B75B","chunk_id":"c5qcf6guvtys3","chunk_label":"unnamed-chunk-4"},{"row":116,"row_count":1,"visible":true,"expansion_state":0,"options":{"engine":"r","label":"unnamed-chunk-29"},"document_id":"D0F9B75B","chunk_id":"czfo6vbddflml","chunk_label":"unnamed-chunk-5"},{"row":134,"row_count":1,"visible":true,"expansion_state":0,"options":{"engine":"r","label":"unnamed-chunk-30"},"document_id":"D0F9B75B","chunk_id":"cqsmmmtu6usai","chunk_label":"unnamed-chunk-6"},{"row":149,"row_count":1,"visible":true,"expansion_state":0,"options":{"engine":"r","label":"unnamed-chunk-31"},"document_id":"D0F9B75B","chunk_id":"cbfja573mz6nf","chunk_label":"unnamed-chunk-7"},{"row":229,"row_count":1,"visible":true,"expansion_state":0,"options":{"engine":"r","label":"unnamed-chunk-32"},"document_id":"D0F9B75B","chunk_id":"ctfadxo57ye69","chunk_label":"unnamed-chunk-8"},{"row":244,"row_count":1,"visible":true,"expansion_state":0,"options":{"engine":"r","label":"unnamed-chunk-33"},"document_id":"D0F9B75B","chunk_id":"cmv7mw1uqpnnu","chunk_label":"unnamed-chunk-9"},{"row":327,"row_count":1,"visible":true,"expansion_state":0,"options":{"engine":"r","label":"unnamed-chunk-34"},"document_id":"D0F9B75B","chunk_id":"cpi6hpoy0xq5t","chunk_label":"unnamed-chunk-10"},{"row":342,"row_count":1,"visible":true,"expansion_state":0,"options":{"engine":"r","label":"unnamed-chunk-35"},"document_id":"D0F9B75B","chunk_id":"c4wcle59o4u24","chunk_label":"unnamed-chunk-11"},{"row":351,"row_count":1,"visible":true,"expansion_state":0,"options":{"engine":"r","label":"unnamed-chunk-36"},"document_id":"D0F9B75B","chunk_id":"cpaloqn70sgta","chunk_label":"unnamed-chunk-12"},{"row":367,"row_count":1,"visible":true,"expansion_state":0,"options":{"engine":"r","label":"unnamed-chunk-37"},"document_id":"D0F9B75B","chunk_id":"cvu2st60os6ti","chunk_label":"unnamed-chunk-13"},{"row":388,"row_count":1,"visible":true,"expansion_state":0,"options":{"engine":"r","label":"unnamed-chunk-38"},"document_id":"D0F9B75B","chunk_id":"cznbs9lhm2ikd","chunk_label":"unnamed-chunk-14"},{"row":410,"row_count":1,"visible":true,"expansion_state":0,"options":{"engine":"r","label":"unnamed-chunk-39"},"document_id":"D0F9B75B","chunk_id":"cjkgh5m1rfscz","chunk_label":"unnamed-chunk-15"},{"row":419,"row_count":1,"visible":true,"expansion_state":0,"options":{"engine":"r","label":"unnamed-chunk-41"},"document_id":"D0F9B75B","chunk_id":"c4hqpfmi5me0l","chunk_label":"unnamed-chunk-16"},{"row":430,"row_count":1,"visible":true,"expansion_state":0,"options":{"engine":"r","label":"unnamed-chunk-42"},"document_id":"D0F9B75B","chunk_id":"ci9m6ulj1vf2l","chunk_label":"unnamed-chunk-17"},{"row":450,"row_count":1,"visible":true,"expansion_state":0,"options":{"engine":"r","label":"unnamed-chunk-43"},"document_id":"D0F9B75B","chunk_id":"c878zevxjowh4","chunk_label":"unnamed-chunk-18"},{"row":467,"row_count":1,"visible":true,"expansion_state":0,"options":{"engine":"r","label":"unnamed-chunk-44"},"document_id":"D0F9B75B","chunk_id":"cfan46dhzbrqt","chunk_label":"unnamed-chunk-19"},{"row":495,"row_count":1,"visible":true,"expansion_state":0,"options":{"engine":"r","label":"unnamed-chunk-45"},"document_id":"D0F9B75B","chunk_id":"cdl8qof9ss7fp","chunk_label":"unnamed-chunk-20"},{"row":502,"row_count":1,"visible":true,"expansion_state":0,"options":{"engine":"r","label":"unnamed-chunk-47"},"document_id":"D0F9B75B","chunk_id":"c55ohgvs84hbj","chunk_label":"unnamed-chunk-21"},{"row":522,"row_count":1,"visible":true,"expansion_state":0,"options":{"engine":"r","label":"unnamed-chunk-48"},"document_id":"D0F9B75B","chunk_id":"c9t8liz6wq5hv","chunk_label":"unnamed-chunk-22"},{"row":529,"row_count":1,"visible":true,"expansion_state":0,"options":{"engine":"r","label":"unnamed-chunk-49"},"document_id":"D0F9B75B","chunk_id":"cy6q47bghq9l9","chunk_label":"unnamed-chunk-23"},{"row":542,"row_count":1,"visible":true,"expansion_state":0,"options":{"engine":"r","label":"unnamed-chunk-50"},"document_id":"D0F9B75B","chunk_id":"cf985h358amfl","chunk_label":"unnamed-chunk-24"},{"row":549,"row_count":1,"visible":true,"expansion_state":0,"options":{"engine":"r","label":"unnamed-chunk-51"},"document_id":"D0F9B75B","chunk_id":"cgx308r27ikk6","chunk_label":"unnamed-chunk-25"},{"row":562,"row_count":1,"visible":true,"expansion_state":0,"options":{"engine":"r","label":"unnamed-chunk-52"},"document_id":"D0F9B75B","chunk_id":"c3xw63hhz4366","chunk_label":"unnamed-chunk-26"},{"row":569,"row_count":1,"visible":true,"expansion_state":0,"options":{"engine":"r","label":"unnamed-chunk-53"},"document_id":"D0F9B75B","chunk_id":"cz7sefsjhhp45","chunk_label":"unnamed-chunk-27"},{"row":585,"row_count":1,"visible":true,"expansion_state":0,"options":{"engine":"r","label":"unnamed-chunk-54"},"document_id":"D0F9B75B","chunk_id":"c8p2oijyyj3j5","chunk_label":"unnamed-chunk-28"},{"row":597,"row_count":1,"visible":true,"expansion_state":0,"options":{"engine":"r","label":"unnamed-chunk-55"},"document_id":"D0F9B75B","chunk_id":"cnrinbn3vzvya","chunk_label":"unnamed-chunk-29"},{"row":623,"row_count":1,"visible":true,"expansion_state":0,"options":{"engine":"r","label":"unnamed-chunk-56"},"document_id":"D0F9B75B","chunk_id":"c2nzvw2mu3wp8","chunk_label":"unnamed-chunk-30"},{"row":649,"row_count":1,"visible":true,"expansion_state":0,"options":{"engine":"r","label":"unnamed-chunk-57"},"document_id":"D0F9B75B","chunk_id":"cuj2uw2322jny","chunk_label":"unnamed-chunk-31"},{"row":671,"row_count":1,"visible":true,"expansion_state":0,"options":{"engine":"r","label":"unnamed-chunk-58"},"document_id":"D0F9B75B","chunk_id":"cavb31mf82ub0","chunk_label":"unnamed-chunk-32"},{"row":685,"row_count":1,"visible":true,"expansion_state":0,"options":{"engine":"r","label":"unnamed-chunk-59"},"document_id":"D0F9B75B","chunk_id":"c3q8siffymjxi","chunk_label":"unnamed-chunk-33"},{"row":733,"row_count":1,"visible":true,"expansion_state":0,"options":{"engine":"r","label":"unnamed-chunk-60"},"document_id":"D0F9B75B","chunk_id":"c45eoghzei2di","chunk_label":"unnamed-chunk-34"},{"row":745,"row_count":1,"visible":true,"expansion_state":0,"options":{"engine":"r","label":"unnamed-chunk-68"},"document_id":"D0F9B75B","chunk_id":"cunhko8tfvvb7","chunk_label":"unnamed-chunk-35"},{"row":808,"row_count":1,"visible":true,"expansion_state":0,"options":{"engine":"r","label":"unnamed-chunk-63"},"document_id":"D0F9B75B","chunk_id":"cmnpqenra3w2m","chunk_label":"unnamed-chunk-37"},{"row":819,"row_count":1,"visible":true,"expansion_state":0,"options":{"engine":"r","label":"unnamed-chunk-64"},"document_id":"D0F9B75B","chunk_id":"c2hetkgn6jewg","chunk_label":"unnamed-chunk-38"},{"row":843,"row_count":1,"visible":true,"expansion_state":0,"options":{"engine":"r","label":"unnamed-chunk-65"},"document_id":"D0F9B75B","chunk_id":"cf0s8sgffim6s","chunk_label":"unnamed-chunk-39"}],"doc_write_time":1682636112,"chunk_rendered_width":689,"working_dir":null,"default_chunk_options":{"echo":true}}