"0","langues_brooklyn2 <- langues_brooklyn%>%"
"0","  filter(Langues == ""Anglais"" | Langues == ""Espagnol"" | Langues == ""Chinois"" | Langues == ""Français"")%>%"
"0","  select(Langues,Brooklyn)"
"0",""
"0","langues_Manhattan2 <- langues_Manhattan%>%"
"0","  filter(Langues == ""Anglais"" | Langues == ""Espagnol"" | Langues == ""Chinois"" | Langues == ""Français"")%>%"
"0","  select(Langues,Manhattan)"
"0",""
"0","langues_bronx2 <- langues_bronx%>%"
"0","  filter(Langues == ""Anglais"" | Langues == ""Espagnol"" | Langues == ""Chinois"" | Langues == ""Français"")%>%"
"0","  select(Langues,Bronx)"
"0",""
"0","language <- langues_Manhattan2%>%"
"0","  left_join(langues_bronx2)%>%"
"0","  left_join(langues_brooklyn2)"
"0",""
"0","language <- language %>% "
"0","  pivot_longer(-Langues, names_to = ""Quartier"", values_to = ""Pourcentage"") %>%"
"0","  pivot_wider(names_from = ""Langues"", values_from = ""Pourcentage"")"
"0",""
"0","language$Anglais <- gsub(""%"", """", language$Anglais)"
"0","language$Espagnol <- gsub(""%"", """", language$Espagnol)"
"0","language$Chinois <- gsub(""%"", """", language$Chinois)"
"0","language$Français <- gsub(""%"", """", language$Français)"
"0",""
"0","language$Anglais <- gsub("","", ""."", language$Anglais)"
"0","language$Espagnol <- gsub("","", ""."", language$Espagnol)"
"0","language$Chinois <- gsub("","", ""."", language$Chinois)"
"0","language$Français <- gsub("","", ""."", language$Français)"
"0",""
"0","language <- language %>%"
"0","  mutate(Anglais = parse_number(Anglais))"
"0",""
"0","language <- language %>%"
"0","  mutate(Chinois = parse_number(Chinois))"
"0",""
"0","language <- language %>%"
"0","  mutate(Espagnol = parse_number(Espagnol))"
"0",""
"0","language <- language %>%"
"0","  mutate(Français = parse_number(Français))"
"0",""
"0",""
"0",""
