"0","# Fusion des bases d'hôtels des différents quatiers"
"0","Hotels <- rbind(data_Hotel_Bronx, data_Hotel_Manhattan,data_Hotel_brooklyn,data_Hotel_queens)"
"0","Hotels <- Hotels %>%"
"0","  select(name, categories, rating, price, review_count, phone,transactions,"
"0","         location.address1,location.zip_code,coordinates.longitude,coordinates.latitude, Quartier)"
"0","Hotels <- na.omit(Hotels)"
"0",""
"0","# Création du type Hotel"
"0","Hotels <- Hotels %>%"
"0","  mutate(""Type"" = ""hotel"")"
