{"chunk_definitions":[{"row":11,"row_count":1,"visible":true,"expansion_state":0,"options":{"engine":"r","label":"setup","include":false},"document_id":"D0F9B75B","chunk_id":"csetup_chunk","chunk_label":"setup"},{"row":32,"row_count":1,"visible":true,"expansion_state":0,"options":{"engine":"r","message":false,"warning":false,"label":"unnamed-chunk-2"},"document_id":"D0F9B75B","chunk_id":"coy3jta4ucn45","chunk_label":"unnamed-chunk-1"},{"row":68,"row_count":1,"visible":true,"expansion_state":0,"options":{"engine":"r","label":"unnamed-chunk-3"},"document_id":"D0F9B75B","chunk_id":"czso3ff1ow850","chunk_label":"unnamed-chunk-2"},{"row":78,"row_count":1,"visible":true,"expansion_state":0,"options":{"engine":"r","echo":true,"results":"hide","label":"unnamed-chunk-4"},"document_id":"D0F9B75B","chunk_id":"czn565is8ofbs","chunk_label":"unnamed-chunk-3"},{"row":93,"row_count":1,"visible":true,"expansion_state":0,"options":{"engine":"r","label":"unnamed-chunk-5"},"document_id":"D0F9B75B","chunk_id":"c5qcf6guvtys3","chunk_label":"unnamed-chunk-4"},{"row":112,"row_count":1,"visible":true,"expansion_state":0,"options":{"engine":"r","message":false,"warning":false,"label":"unnamed-chunk-6"},"document_id":"D0F9B75B","chunk_id":"czfo6vbddflml","chunk_label":"unnamed-chunk-5"},{"row":130,"row_count":1,"visible":true,"expansion_state":0,"options":{"engine":"r","label":"unnamed-chunk-7"},"document_id":"D0F9B75B","chunk_id":"cqsmmmtu6usai","chunk_label":"unnamed-chunk-6"},{"row":144,"row_count":1,"visible":true,"expansion_state":0,"options":{"engine":"r","label":"unnamed-chunk-8"},"document_id":"D0F9B75B","chunk_id":"cbfja573mz6nf","chunk_label":"unnamed-chunk-7"},{"row":224,"row_count":1,"visible":true,"expansion_state":0,"options":{"engine":"r","message":false,"warning":false,"label":"unnamed-chunk-9"},"document_id":"D0F9B75B","chunk_id":"ctfadxo57ye69","chunk_label":"unnamed-chunk-8"},{"row":239,"row_count":1,"visible":true,"expansion_state":0,"options":{"engine":"r","label":"unnamed-chunk-10"},"document_id":"D0F9B75B","chunk_id":"cmv7mw1uqpnnu","chunk_label":"unnamed-chunk-9"},{"row":322,"row_count":1,"visible":true,"expansion_state":0,"options":{"engine":"r","message":false,"warning":false,"label":"unnamed-chunk-11"},"document_id":"D0F9B75B","chunk_id":"cpi6hpoy0xq5t","chunk_label":"unnamed-chunk-10"},{"row":337,"row_count":1,"visible":true,"expansion_state":0,"options":{"engine":"r","label":"unnamed-chunk-12"},"document_id":"D0F9B75B","chunk_id":"c4wcle59o4u24","chunk_label":"unnamed-chunk-11"},{"row":346,"row_count":1,"visible":true,"expansion_state":0,"options":{"engine":"r","label":"unnamed-chunk-13"},"document_id":"D0F9B75B","chunk_id":"cpaloqn70sgta","chunk_label":"unnamed-chunk-12"},{"row":362,"row_count":1,"visible":true,"expansion_state":0,"options":{"engine":"r","label":"unnamed-chunk-14"},"document_id":"D0F9B75B","chunk_id":"cvu2st60os6ti","chunk_label":"unnamed-chunk-13"},{"row":383,"row_count":1,"visible":true,"expansion_state":0,"options":{"engine":"r","label":"unnamed-chunk-15"},"document_id":"D0F9B75B","chunk_id":"cznbs9lhm2ikd","chunk_label":"unnamed-chunk-14"},{"row":403,"row_count":1,"visible":true,"expansion_state":0,"options":{"engine":"r","label":"unnamed-chunk-16"},"document_id":"D0F9B75B","chunk_id":"cjkgh5m1rfscz","chunk_label":"unnamed-chunk-15"},{"row":412,"row_count":1,"visible":true,"expansion_state":0,"options":{"engine":"r","label":"unnamed-chunk-17"},"document_id":"D0F9B75B","chunk_id":"c4hqpfmi5me0l","chunk_label":"unnamed-chunk-16"},{"row":423,"row_count":1,"visible":true,"expansion_state":0,"options":{"engine":"r","label":"unnamed-chunk-18"},"document_id":"D0F9B75B","chunk_id":"ci9m6ulj1vf2l","chunk_label":"unnamed-chunk-17"},{"row":443,"row_count":1,"visible":true,"expansion_state":0,"options":{"engine":"r","label":"unnamed-chunk-19"},"document_id":"D0F9B75B","chunk_id":"c878zevxjowh4","chunk_label":"unnamed-chunk-18"},{"row":460,"row_count":1,"visible":true,"expansion_state":0,"options":{"engine":"r","label":"unnamed-chunk-20"},"document_id":"D0F9B75B","chunk_id":"cfan46dhzbrqt","chunk_label":"unnamed-chunk-19"},{"row":487,"row_count":1,"visible":true,"expansion_state":0,"options":{"engine":"r","label":"unnamed-chunk-21"},"document_id":"D0F9B75B","chunk_id":"cdl8qof9ss7fp","chunk_label":"unnamed-chunk-20"},{"row":494,"row_count":1,"visible":true,"expansion_state":0,"options":{"engine":"r","label":"unnamed-chunk-22"},"document_id":"D0F9B75B","chunk_id":"c55ohgvs84hbj","chunk_label":"unnamed-chunk-21"},{"row":514,"row_count":1,"visible":true,"expansion_state":0,"options":{"engine":"r","label":"unnamed-chunk-23"},"document_id":"D0F9B75B","chunk_id":"c9t8liz6wq5hv","chunk_label":"unnamed-chunk-22"},{"row":521,"row_count":1,"visible":true,"expansion_state":0,"options":{"engine":"r","label":"unnamed-chunk-24"},"document_id":"D0F9B75B","chunk_id":"cy6q47bghq9l9","chunk_label":"unnamed-chunk-23"},{"row":534,"row_count":1,"visible":true,"expansion_state":0,"options":{"engine":"r","label":"unnamed-chunk-25"},"document_id":"D0F9B75B","chunk_id":"cf985h358amfl","chunk_label":"unnamed-chunk-24"},{"row":541,"row_count":1,"visible":true,"expansion_state":0,"options":{"engine":"r","label":"unnamed-chunk-26"},"document_id":"D0F9B75B","chunk_id":"cgx308r27ikk6","chunk_label":"unnamed-chunk-25"},{"row":554,"row_count":1,"visible":true,"expansion_state":0,"options":{"engine":"r","label":"unnamed-chunk-27"},"document_id":"D0F9B75B","chunk_id":"c3xw63hhz4366","chunk_label":"unnamed-chunk-26"},{"row":561,"row_count":1,"visible":true,"expansion_state":0,"options":{"engine":"r","label":"unnamed-chunk-28"},"document_id":"D0F9B75B","chunk_id":"cz7sefsjhhp45","chunk_label":"unnamed-chunk-27"},{"row":577,"row_count":1,"visible":true,"expansion_state":0,"options":{"engine":"r","label":"unnamed-chunk-29"},"document_id":"D0F9B75B","chunk_id":"c8p2oijyyj3j5","chunk_label":"unnamed-chunk-28"},{"row":588,"row_count":1,"visible":true,"expansion_state":0,"options":{"engine":"r","label":"unnamed-chunk-30"},"document_id":"D0F9B75B","chunk_id":"cnrinbn3vzvya","chunk_label":"unnamed-chunk-29"},{"row":614,"row_count":1,"visible":true,"expansion_state":0,"options":{"engine":"r","label":"unnamed-chunk-31"},"document_id":"D0F9B75B","chunk_id":"c2nzvw2mu3wp8","chunk_label":"unnamed-chunk-30"},{"row":640,"row_count":1,"visible":true,"expansion_state":0,"options":{"engine":"r","label":"unnamed-chunk-32"},"document_id":"D0F9B75B","chunk_id":"cuj2uw2322jny","chunk_label":"unnamed-chunk-31"},{"row":663,"row_count":1,"visible":true,"expansion_state":0,"options":{"engine":"r","label":"unnamed-chunk-33"},"document_id":"D0F9B75B","chunk_id":"cavb31mf82ub0","chunk_label":"unnamed-chunk-32"},{"row":678,"row_count":1,"visible":true,"expansion_state":0,"options":{"engine":"r","message":false,"warning":false,"label":"unnamed-chunk-34"},"document_id":"D0F9B75B","chunk_id":"c3q8siffymjxi","chunk_label":"unnamed-chunk-33"},{"row":726,"row_count":1,"visible":true,"expansion_state":0,"options":{"engine":"r","message":false,"warning":false,"label":"unnamed-chunk-35"},"document_id":"D0F9B75B","chunk_id":"c45eoghzei2di","chunk_label":"unnamed-chunk-34"},{"row":759,"row_count":1,"visible":true,"expansion_state":0,"options":{"engine":"r","echo":true,"results":"hide","label":"unnamed-chunk-39"},"document_id":"D0F9B75B","chunk_id":"cf1xwixrdwljy","chunk_label":"unnamed-chunk-36"},{"row":800,"row_count":1,"visible":true,"expansion_state":0,"options":{"engine":"r","message":false,"warning":false,"label":"unnamed-chunk-40"},"document_id":"D0F9B75B","chunk_id":"cmnpqenra3w2m","chunk_label":"unnamed-chunk-37"},{"row":811,"row_count":1,"visible":true,"expansion_state":0,"options":{"engine":"r","message":false,"warning":false,"label":"unnamed-chunk-43"},"document_id":"D0F9B75B","chunk_id":"c2hetkgn6jewg","chunk_label":"unnamed-chunk-38"},{"row":835,"row_count":1,"visible":true,"expansion_state":0,"options":{"engine":"r","label":"unnamed-chunk-65"},"document_id":"D0F9B75B","chunk_id":"cf0s8sgffim6s","chunk_label":"unnamed-chunk-39"}],"doc_write_time":1682676490,"chunk_rendered_width":700,"working_dir":null,"default_chunk_options":{"echo":true}}