"0","# Fusion des bases de Quartiers"
"0","restaurants <- rbind(data_restaurant_Bronx, data_restaurant_Manhattan,data_restaurant_brooklyn,data_restaurant_queens)"
"0","restaurants <- restaurants %>%"
"0","  select(name, categories, rating, price, review_count, phone,transactions,"
"0","         location.address1,location.zip_code,coordinates.longitude,coordinates.latitude, Quartier)"
"0","restaurants <- na.omit(restaurants)"
"0",""
"0","# Création du type ""restaurant"""
"0","restaurants <- restaurants %>%"
"0","  mutate(""Type"" = ""restaurant"")"
