"0","demographie_Manhattan[2, 1] <- ""Femmes"""
"0","demographie_Manhattan[4, 1] <- ""-18ans"""
"0","demographie_Manhattan[6, 1] <- ""+65ans"""
"0","demographie_Manhattan[7, 1] <- ""Revenus annuels"""
"0",""
"0","demographie_Manhattan2 <- demographie_Manhattan %>%"
"0","  filter(Indicateur == ""-18ans"" |Indicateur == ""+65ans"" | Indicateur == ""Femmes"" |Indicateur == ""Revenus annuels"") %>%"
"0","  select(Indicateur, Manhattan)"
"0",""
"0","# Supprimer les $ de la colonne Manhattan"
"0","demographie_Manhattan2$Manhattan <- gsub(""\\$"", """", demographie_Manhattan2$Manhattan)"
"0",""
"0","# Supprimer les % de la colonne Manhattan"
"0","demographie_Manhattan2$Manhattan <- gsub(""%"", """", demographie_Manhattan2$Manhattan)"
"0","demographie_Manhattan2$Manhattan <- gsub("","", ""."", demographie_Manhattan2$Manhattan)"
"0","demographie_Manhattan2$Manhattan <- gsub("" "", """", demographie_Manhattan2$Manhattan)"
"0",""
"0","demographie_Manhattan2 <- demographie_Manhattan2 %>%"
"0","  mutate(Manhattan = parse_number(Manhattan))"
"0",""
"0",""
"0",""
