"0",""
"0","tourism <- tourism %>%"
"0","  mutate(crime = case_when("
"0","    Quartier == ""Bronx"" ~ taux_crimi$taux[1],"
"0","    Quartier == ""Brooklyn"" ~ taux_crimi$taux[2],"
"0","    Quartier == ""Manhattan"" ~ taux_crimi$taux[3],"
"0","    Quartier == ""Queens"" ~ taux_crimi$taux[4],"
"0","    TRUE ~ 1"
"0","  ))"
"0",""
"0","# Renommage de variables dans la base torusim"
"0","colnames(tourism)[colnames(tourism) == ""coordinates.longitude""] <- ""longitude"""
"0","colnames(tourism)[colnames(tourism) == ""coordinates.latitude""] <- ""latitude"""
"0","colnames(tourism)[colnames(tourism) == ""coordinates.latitude""] <- ""latitude"""
"0","colnames(tourism)[colnames(tourism) == ""location.address1""] <- ""addresse"""
"0","colnames(tourism)[colnames(tourism) == ""location.zip_code""] <- ""zip_code"""
"0","#names(tourism)"
