"0",""
"0","# On veut  récupérer une liste de restaurants dans un rayon de 20000 "
"0","# Définir les paramètres de la requête"
"0","params_restaurant_brooklyn <- list("
"0","  term = ""restaurant"","
"0","  location = ""Brooklyn"","
"0","  radius = 20000,"
"0","  limit =35"
"0",")"
"0",""
"0","# Envoyer la requête et récupérer les données"
"0","response_restaurant_brooklyn <- GET(""https://api.yelp.com/v3/businesses/search"", "
"0","                add_headers(Authorization = paste(""Bearer"", api_key)), "
"0","                query = params_restaurant_brooklyn)"
"0","data_restaurant_brooklyn <- fromJSON(content(response_restaurant_brooklyn, ""text""), flatten = TRUE)$business"
"0","data_restaurant_brooklyn <-as.data.frame(data_restaurant_brooklyn)"
"0","data_restaurant_brooklyn <- data_restaurant_brooklyn%>%"
"0","  mutate(""Quartier"" = ""Brooklyn"")"
"0",""
"0","##############################################################"
"0",""
"0","params_restaurant_queens <- list("
"0","  term = ""restaurant"","
"0","  location = ""Queens"","
"0","  radius = 20000,"
"0","  limit =35"
"0",")"
"0",""
"0","# Envoyer la requête et récupérer les données"
"0","response_restaurant_queens <- GET(""https://api.yelp.com/v3/businesses/search"", "
"0","                add_headers(Authorization = paste(""Bearer"", api_key)), "
"0","                query = params_restaurant_queens)"
"0","data_restaurant_queens <- fromJSON(content(response_restaurant_queens, ""text""), flatten = TRUE)$business"
"0","data_restaurant_queens <-as.data.frame(data_restaurant_queens)"
"0","data_restaurant_queens <- data_restaurant_queens%>%"
"0","  mutate(""Quartier"" = ""Queens"")"
"0",""
"0","#######################################################"
"0",""
"0","params_restaurant_Manhattan <- list("
"0","  term = ""restaurant"","
"0","  location = ""Manhattan"","
"0","  radius = 20000,"
"0","  limit =35"
"0",")"
"0",""
"0","# Envoyer la requête et récupérer les données"
"0","response_restaurant_Manhattan <- GET(""https://api.yelp.com/v3/businesses/search"", "
"0","                add_headers(Authorization = paste(""Bearer"", api_key)), "
"0","                query = params_restaurant_Manhattan)"
"0","data_restaurant_Manhattan <- fromJSON(content(response_restaurant_Manhattan, ""text""), flatten = TRUE)$business"
"0","data_restaurant_Manhattan <-as.data.frame(data_restaurant_Manhattan)"
"0","data_restaurant_Manhattan <- data_restaurant_Manhattan %>%"
"0","  mutate(""Quartier"" = ""Manhattan"")"
"0",""
"0",""
"0","#################################################"
"0",""
"0","params_restaurant_Bronx <- list("
"0","  term = ""restaurant"","
"0","  location = ""Bronx"","
"0","  radius = 20000,"
"0","  limit =35"
"0",")"
"0",""
"0","# Envoyer la requête et récupérer les données"
"0","response_restaurant_Bronx <- GET(""https://api.yelp.com/v3/businesses/search"", "
"0","                add_headers(Authorization = paste(""Bearer"", api_key)), "
"0","                query = params_restaurant_Bronx)"
"0","data_restaurant_Bronx <- fromJSON(content(response_restaurant_Bronx, ""text""), flatten = TRUE)$business"
"0","data_restaurant_Bronx <-as.data.frame(data_restaurant_Bronx)"
"0","data_restaurant_Bronx <- data_restaurant_Bronx %>%"
"0","  mutate(""Quartier"" = ""Bronx"")"
"0",""
"0",""
