"0","demographie_brooklyn[2, 1] <- ""-18ans"""
"0","demographie_brooklyn[3, 1] <- ""+65ans"""
"0",""
"0","demographie_brooklyn2 <- demographie_brooklyn %>%"
"0","  filter(Indicateur == ""-18ans"" |Indicateur == ""+65ans"" | Indicateur == ""Femmes"" |Indicateur == ""Revenus annuels"") %>%"
"0","  select(Indicateur, Brooklyn)"
"0",""
"0",""
"0","# Supprimer les $ de la colonne brooklyn"
"0","demographie_brooklyn2$Brooklyn <- gsub(""\\$"", """", demographie_brooklyn2$Brooklyn)"
"0",""
"0","# Supprimer les % de la colonne brooklyn"
"0","demographie_brooklyn2$Brooklyn <- gsub(""%"", """", demographie_brooklyn2$Brooklyn)"
"0","demographie_brooklyn2$Brooklyn <- gsub("","", ""."", demographie_brooklyn2$Brooklyn)"
"0","demographie_brooklyn2$Brooklyn <- gsub("" "", """", demographie_brooklyn2$Brooklyn)"
"0",""
"0","demographie_brooklyn2 <- demographie_brooklyn2 %>%"
"0","  mutate(Brooklyn = parse_number(Brooklyn))"
"0",""
"0",""
"0",""
