{"chunk_definitions":[{"row":11,"row_count":1,"visible":true,"expansion_state":0,"options":{"engine":"r","label":"setup","include":false},"document_id":"D0F9B75B","chunk_id":"csetup_chunk","chunk_label":"setup"},{"row":31,"row_count":1,"visible":true,"expansion_state":0,"options":{"engine":"r","label":"unnamed-chunk-25"},"document_id":"D0F9B75B","chunk_id":"coy3jta4ucn45","chunk_label":"unnamed-chunk-1"},{"row":65,"row_count":1,"visible":true,"expansion_state":0,"options":{"engine":"r","label":"unnamed-chunk-26"},"document_id":"D0F9B75B","chunk_id":"czso3ff1ow850","chunk_label":"unnamed-chunk-2"},{"row":75,"row_count":1,"visible":true,"expansion_state":0,"options":{"engine":"r","label":"unnamed-chunk-27"},"document_id":"D0F9B75B","chunk_id":"cgwybubo1chcc","chunk_label":"unnamed-chunk-3"},{"row":90,"row_count":1,"visible":true,"expansion_state":0,"options":{"engine":"r","label":"unnamed-chunk-28"},"document_id":"D0F9B75B","chunk_id":"c5qcf6guvtys3","chunk_label":"unnamed-chunk-4"},{"row":112,"row_count":1,"visible":true,"expansion_state":0,"options":{"engine":"r","label":"unnamed-chunk-29"},"document_id":"D0F9B75B","chunk_id":"czfo6vbddflml","chunk_label":"unnamed-chunk-5"},{"row":130,"row_count":1,"visible":true,"expansion_state":0,"options":{"engine":"r","label":"unnamed-chunk-30"},"document_id":"D0F9B75B","chunk_id":"cqsmmmtu6usai","chunk_label":"unnamed-chunk-6"},{"row":145,"row_count":1,"visible":true,"expansion_state":0,"options":{"engine":"r","label":"unnamed-chunk-31"},"document_id":"D0F9B75B","chunk_id":"cbfja573mz6nf","chunk_label":"unnamed-chunk-7"},{"row":225,"row_count":1,"visible":true,"expansion_state":0,"options":{"engine":"r","label":"unnamed-chunk-32"},"document_id":"D0F9B75B","chunk_id":"ctfadxo57ye69","chunk_label":"unnamed-chunk-8"},{"row":240,"row_count":1,"visible":true,"expansion_state":0,"options":{"engine":"r","label":"unnamed-chunk-33"},"document_id":"D0F9B75B","chunk_id":"cmv7mw1uqpnnu","chunk_label":"unnamed-chunk-9"},{"row":323,"row_count":1,"visible":true,"expansion_state":0,"options":{"engine":"r","label":"unnamed-chunk-34"},"document_id":"D0F9B75B","chunk_id":"cpi6hpoy0xq5t","chunk_label":"unnamed-chunk-10"},{"row":338,"row_count":1,"visible":true,"expansion_state":0,"options":{"engine":"r","label":"unnamed-chunk-35"},"document_id":"D0F9B75B","chunk_id":"c4wcle59o4u24","chunk_label":"unnamed-chunk-11"},{"row":347,"row_count":1,"visible":true,"expansion_state":0,"options":{"engine":"r","label":"unnamed-chunk-36"},"document_id":"D0F9B75B","chunk_id":"cpaloqn70sgta","chunk_label":"unnamed-chunk-12"},{"row":363,"row_count":1,"visible":true,"expansion_state":0,"options":{"engine":"r","label":"unnamed-chunk-37"},"document_id":"D0F9B75B","chunk_id":"cvu2st60os6ti","chunk_label":"unnamed-chunk-13"},{"row":384,"row_count":1,"visible":true,"expansion_state":0,"options":{"engine":"r","label":"unnamed-chunk-38"},"document_id":"D0F9B75B","chunk_id":"cznbs9lhm2ikd","chunk_label":"unnamed-chunk-14"},{"row":406,"row_count":1,"visible":true,"expansion_state":0,"options":{"engine":"r","label":"unnamed-chunk-39"},"document_id":"D0F9B75B","chunk_id":"cjkgh5m1rfscz","chunk_label":"unnamed-chunk-15"},{"row":415,"row_count":1,"visible":true,"expansion_state":0,"options":{"engine":"r","label":"unnamed-chunk-41"},"document_id":"D0F9B75B","chunk_id":"c4hqpfmi5me0l","chunk_label":"unnamed-chunk-16"},{"row":426,"row_count":1,"visible":true,"expansion_state":0,"options":{"engine":"r","label":"unnamed-chunk-42"},"document_id":"D0F9B75B","chunk_id":"ci9m6ulj1vf2l","chunk_label":"unnamed-chunk-17"},{"row":446,"row_count":1,"visible":true,"expansion_state":0,"options":{"engine":"r","label":"unnamed-chunk-43"},"document_id":"D0F9B75B","chunk_id":"c878zevxjowh4","chunk_label":"unnamed-chunk-18"},{"row":463,"row_count":1,"visible":true,"expansion_state":0,"options":{"engine":"r","label":"unnamed-chunk-44"},"document_id":"D0F9B75B","chunk_id":"cfan46dhzbrqt","chunk_label":"unnamed-chunk-19"},{"row":491,"row_count":1,"visible":true,"expansion_state":0,"options":{"engine":"r","label":"unnamed-chunk-45"},"document_id":"D0F9B75B","chunk_id":"cdl8qof9ss7fp","chunk_label":"unnamed-chunk-20"},{"row":498,"row_count":1,"visible":true,"expansion_state":0,"options":{"engine":"r","label":"unnamed-chunk-47"},"document_id":"D0F9B75B","chunk_id":"c55ohgvs84hbj","chunk_label":"unnamed-chunk-21"},{"row":518,"row_count":1,"visible":true,"expansion_state":0,"options":{"engine":"r","label":"unnamed-chunk-48"},"document_id":"D0F9B75B","chunk_id":"c9t8liz6wq5hv","chunk_label":"unnamed-chunk-22"},{"row":525,"row_count":1,"visible":true,"expansion_state":0,"options":{"engine":"r","label":"unnamed-chunk-49"},"document_id":"D0F9B75B","chunk_id":"cy6q47bghq9l9","chunk_label":"unnamed-chunk-23"},{"row":538,"row_count":1,"visible":true,"expansion_state":0,"options":{"engine":"r","label":"unnamed-chunk-50"},"document_id":"D0F9B75B","chunk_id":"cf985h358amfl","chunk_label":"unnamed-chunk-24"},{"row":545,"row_count":1,"visible":true,"expansion_state":0,"options":{"engine":"r","label":"unnamed-chunk-51"},"document_id":"D0F9B75B","chunk_id":"cgx308r27ikk6","chunk_label":"unnamed-chunk-25"},{"row":558,"row_count":1,"visible":true,"expansion_state":0,"options":{"engine":"r","label":"unnamed-chunk-52"},"document_id":"D0F9B75B","chunk_id":"c3xw63hhz4366","chunk_label":"unnamed-chunk-26"},{"row":565,"row_count":1,"visible":true,"expansion_state":0,"options":{"engine":"r","label":"unnamed-chunk-53"},"document_id":"D0F9B75B","chunk_id":"cz7sefsjhhp45","chunk_label":"unnamed-chunk-27"},{"row":581,"row_count":1,"visible":true,"expansion_state":0,"options":{"engine":"r","label":"unnamed-chunk-54"},"document_id":"D0F9B75B","chunk_id":"c8p2oijyyj3j5","chunk_label":"unnamed-chunk-28"},{"row":593,"row_count":1,"visible":true,"expansion_state":0,"options":{"engine":"r","label":"unnamed-chunk-55"},"document_id":"D0F9B75B","chunk_id":"cnrinbn3vzvya","chunk_label":"unnamed-chunk-29"},{"row":619,"row_count":1,"visible":true,"expansion_state":0,"options":{"engine":"r","label":"unnamed-chunk-56"},"document_id":"D0F9B75B","chunk_id":"c2nzvw2mu3wp8","chunk_label":"unnamed-chunk-30"},{"row":645,"row_count":1,"visible":true,"expansion_state":0,"options":{"engine":"r","label":"unnamed-chunk-57"},"document_id":"D0F9B75B","chunk_id":"cuj2uw2322jny","chunk_label":"unnamed-chunk-31"},{"row":667,"row_count":1,"visible":true,"expansion_state":0,"options":{"engine":"r","label":"unnamed-chunk-58"},"document_id":"D0F9B75B","chunk_id":"cavb31mf82ub0","chunk_label":"unnamed-chunk-32"},{"row":681,"row_count":1,"visible":true,"expansion_state":0,"options":{"engine":"r","label":"unnamed-chunk-59"},"document_id":"D0F9B75B","chunk_id":"c3q8siffymjxi","chunk_label":"unnamed-chunk-33"},{"row":729,"row_count":1,"visible":true,"expansion_state":0,"options":{"engine":"r","label":"unnamed-chunk-60"},"document_id":"D0F9B75B","chunk_id":"c45eoghzei2di","chunk_label":"unnamed-chunk-34"},{"row":741,"row_count":1,"visible":true,"expansion_state":0,"options":{"engine":"r","label":"unnamed-chunk-68"},"document_id":"D0F9B75B","chunk_id":"cunhko8tfvvb7","chunk_label":"unnamed-chunk-35"},{"row":762,"row_count":1,"visible":true,"expansion_state":0,"options":{"engine":"r","label":"unnamed-chunk-62"},"document_id":"D0F9B75B","chunk_id":"c5rhwyiqod5ts","chunk_label":"unnamed-chunk-36"},{"row":804,"row_count":1,"visible":true,"expansion_state":0,"options":{"engine":"r","label":"unnamed-chunk-63"},"document_id":"D0F9B75B","chunk_id":"cmnpqenra3w2m","chunk_label":"unnamed-chunk-37"},{"row":815,"row_count":1,"visible":true,"expansion_state":0,"options":{"engine":"r","label":"unnamed-chunk-64"},"document_id":"D0F9B75B","chunk_id":"c2hetkgn6jewg","chunk_label":"unnamed-chunk-38"},{"row":839,"row_count":1,"visible":true,"expansion_state":0,"options":{"engine":"r","label":"unnamed-chunk-65"},"document_id":"D0F9B75B","chunk_id":"cf0s8sgffim6s","chunk_label":"unnamed-chunk-39"}],"doc_write_time":1682632374,"working_dir":null,"default_chunk_options":{"echo":true},"chunk_rendered_width":700}