"0","demographie_bronx[2, 1] <- ""-18ans"""
"0","demographie_bronx[3, 1] <- ""+65ans"""
"0",""
"0","demographie_bronx2 <- demographie_bronx %>%"
"0","  filter(Indicateur == ""-18ans"" |Indicateur == ""+65ans"" | Indicateur == ""Femmes"" |Indicateur == ""Revenus annuels"") %>%"
"0","  select(Indicateur, Bronx)"
"0",""
"0","# Supprimer les $ de la colonne Bronx"
"0","demographie_bronx2$Bronx <- gsub(""\\$"", """", demographie_bronx2$Bronx)"
"0","# Supprimer les % de la colonne Bronx"
"0","demographie_bronx2$Bronx <- gsub(""%"", """", demographie_bronx2$Bronx)"
"0","demographie_bronx2$Bronx <- gsub("","", ""."", demographie_bronx2$Bronx)"
"0","demographie_bronx2$Bronx <- gsub("" "", """", demographie_bronx2$Bronx)"
"0",""
"0",""
"0","demographie_bronx2 <- demographie_bronx2 %>%"
"0","  mutate(Bronx = parse_number(Bronx))"
"0",""
