"0",""
"0","# NB: Dans les données que nous  récupérées, la colonne ""price"" contient des informations sur la fourchette de prix de chaque restaurant. Par exemple, ""$$"" signifie que le restaurant est considéré comme modérément cher avec des prix compris entre 10 et 30 USD."
"0",""
"0","query3 <-""SELECT name, rating, price, review_count"
"0","FROM mytable "
"0","WHERE Type = 'restaurant'"
"0","AND rating >= 4.5"
"0","AND price = '$$'"
"0","AND Quartier = 'Bronx'"
"0","ORDER BY review_count DESC"
"0","LIMIT 10"""
"0",""
"0","df3 <- dbGetQuery(con, query3)"
"0","df3"
