"0","url=""mongodb://etudiant:ur2@clusterm1-shard-00-00.0rm7t.mongodb.net:27017,clusterm1-shard-00-01.0rm7t.mongodb.net:27017,clusterm1-shard-00-02.0rm7t.mongodb.net:27017/?ssl=true&replicaSet=atlas-l4xi61-shard-0"""
"0","mdb = mongo(collection=""NYfood"", db=""food"","
"0","            url=url,"
"0","            verbose=TRUE)"
"0","mdb"
"1","<Mongo collection> 'NYfood'"
"1"," "
"1","
"
"1"," $aggregate(pipeline = ""{}"", options = ""{\""allowDiskUse\"":true}"", handler = NULL, pagesize = 1000, iterate = FALSE) "
"1","
"
"1"," $count(query = ""{}"") "
"1","
"
"1"," $disconnect(gc = TRUE) "
"1","
"
"1"," $distinct(key, query = ""{}"") "
"1","
"
"1"," $drop() "
"1","
"
"1"," $export(con = stdout(), bson = FALSE, query = ""{}"", fields = ""{}"", sort = ""{\""_id\"":1}"") "
"1","
"
"1"," $find(query = ""{}"", fields = ""{\""_id\"":0}"", sort = ""{}"", skip = 0, limit = 0, handler = NULL, pagesize = 1000) "
"1","
"
"1"," $import(con, bson = FALSE) "
"1","
"
"1"," $index(add = NULL, remove = NULL) "
"1","
"
"1"," $info() "
"1","
"
"1"," $insert(data, pagesize = 1000, stop_on_error = TRUE, ...) "
"1","
"
"1"," $iterate(query = ""{}"", fields = ""{\""_id\"":0}"", sort = ""{}"", skip = 0, limit = 0) "
"1","
"
"1"," $mapreduce(map, reduce, query = ""{}"", sort = ""{}"", limit = 0, out = NULL, scope = NULL) "
"1","
"
"1"," $remove(query, just_one = FALSE) "
"1","
"
"1"," $rename(name, db = NULL) "
"1","
"
"1"," $replace(query, update = ""{}"", upsert = FALSE) "
"1","
"
"1"," $run(command = ""{\""ping\"": 1}"", simplify = TRUE) "
"1","
"
"1"," $update(query, update = ""{\""$set\"":{}}"", filters = NULL, upsert = FALSE, multiple = FALSE) "
"1","
"
