"0","#Visualisation des 20 restaurants les mieux notés par quartier sur une carte interactive."
"0",""
"0","quartiers <- unique(resta$borough)"
"0","# Création d'une palette de couleurs pour chaque quartier"
"0","pal <- colorFactor(palette = c(""green"", ""orange"", ""violet"", ""red""), domain = quartiers)"
"0","resta_df <- resta %>% st_as_sf(coords = c(""lon"", ""lat""), crs = 4326)"
"0","# Création de la carte avec les marqueurs"
"0",""
"0","map <- leaflet() %>% "
"0","  addTiles() %>%"
"0","  addCircleMarkers(data = resta_df, "
"0","                   radius = ~(score/4),"
"0","                   stroke = FALSE, "
"0","                   fillOpacity = 0.7,"
"0","                   color = ~pal(borough), # Couleur du cercle dépend du quartier"
"0","                   popup = ~paste(name, ""<br>"", address, ""<br>"", ""Score: "", score))"
"0","                   "
"0","# Affichage de la carte"
"0","map"
