"0",""
"0","# création de la carte centrée sur les coordonnées de New York"
"0","map <- leaflet() %>%"
"0","  addTiles() %>%"
"0","  setView(lng = -73.9857, lat = 40.7484, zoom = 12)"
"0",""
"0","# ajout des marqueurs pour chaque hôtel dans les résultats de la requête"
"0","for (i in seq_len(nrow(df4))) {"
"0","  name <- df4[i, ""name""]"
"0","  rating <- df4[i, ""rating""]"
"0","  address <- df4[i, ""adresse_complete""]"
"0","  map <- map %>%"
"0","    addMarkers(lng = df4[i, ""longitude""], lat = df4[i, ""latitude""],"
"0","               popup = paste(""<strong>"", name, ""</strong><br>"","
"0","                             ""Rating:"", rating, ""/ 5<br>"","
"0","                             ""Address:"", address))"
"0","}"
"0",""
"0","# affichage "
"0","map"
